date,total_cases,new_cases,new_deaths,icu_patients,hosp_patients,total_vaccinations,new_vaccinations
2020-01-23,2.0,2.0,0.0,0.0,0.0,0.0,0.0
2020-01-24,3.0,1.0,0.0,0.0,0.0,0.0,0.0
2020-01-25,3.0,0.0,0.0,0.0,0.0,0.0,0.0
2020-01-26,3.0,0.0,0.0,0.0,0.0,0.0,0.0
2020-01-27,3.0,0.0,0.0,0.0,0.0,0.0,0.0
2020-01-28,4.0,1.0,0.0,0.0,0.0,0.0,0.0
2020-01-29,4.0,0.0,0.0,0.0,0.0,0.0,0.0
2020-01-30,4.0,0.0,0.0,0.0,0.0,0.0,0.0
2020-01-31,4.0,0.0,0.0,0.0,0.0,0.0,0.0
2020-02-01,4.0,0.0,0.0,0.0,0.0,0.0,0.0
2020-02-02,4.0,0.0,0.0,0.0,0.0,0.0,0.0
2020-02-03,4.0,0.0,0.0,0.0,0.0,0.0,0.0
2020-02-04,5.0,1.0,0.0,0.0,0.0,0.0,0.0
2020-02-05,6.0,1.0,0.0,0.0,0.0,0.0,0.0
2020-02-06,6.0,0.0,0.0,0.0,0.0,0.0,0.0
2020-02-07,8.0,2.0,0.0,0.0,0.0,0.0,0.0
2020-02-08,8.0,0.0,0.0,0.0,0.0,0.0,0.0
2020-02-09,8.0,0.0,0.0,0.0,0.0,0.0,0.0
2020-02-10,9.0,1.0,0.0,0.0,0.0,0.0,0.0
2020-02-11,9.0,0.0,0.0,0.0,0.0,0.0,0.0
2020-02-12,9.0,0.0,0.0,0.0,0.0,0.0,0.0
2020-02-13,9.0,0.0,0.0,0.0,0.0,0.0,0.0
2020-02-14,9.0,0.0,0.0,0.0,0.0,0.0,0.0
2020-02-15,9.0,0.0,0.0,0.0,0.0,0.0,0.0
2020-02-16,9.0,0.0,0.0,0.0,0.0,0.0,0.0
2020-02-17,10.0,1.0,0.0,0.0,0.0,0.0,0.0
2020-02-18,10.0,0.0,0.0,0.0,0.0,0.0,0.0
2020-02-19,10.0,0.0,0.0,0.0,0.0,0.0,0.0
2020-02-20,11.0,1.0,0.0,0.0,0.0,0.0,0.0
2020-02-21,13.0,2.0,0.0,0.0,0.0,0.0,0.0
2020-02-22,14.0,1.0,0.0,0.0,0.0,0.0,0.0
2020-02-23,15.0,1.0,0.0,0.0,0.0,0.0,0.0
2020-02-24,16.0,1.0,0.0,0.0,0.0,0.0,0.0
2020-02-25,19.0,3.0,0.0,0.0,0.0,0.0,0.0
2020-02-26,20.0,1.0,0.0,0.0,0.0,0.0,0.0
2020-02-27,22.0,2.0,0.0,0.0,0.0,0.0,0.0
2020-02-28,28.0,6.0,0.0,0.0,0.0,0.0,0.0
2020-02-29,33.0,5.0,0.0,0.0,0.0,0.0,0.0
2020-03-01,38.0,5.0,0.0,0.0,0.0,0.0,0.0
2020-03-02,45.0,7.0,0.0,0.0,0.0,0.0,0.0
2020-03-03,51.0,6.0,0.0,0.0,0.0,0.0,0.0
2020-03-04,59.0,8.0,0.0,0.0,0.0,0.0,0.0
2020-03-05,71.0,12.0,0.0,0.0,0.0,0.0,0.0
2020-03-06,90.0,19.0,0.0,0.0,0.0,0.0,0.0
2020-03-07,98.0,8.0,0.0,0.0,0.0,0.0,0.0
2020-03-08,120.0,22.0,0.0,0.0,0.0,0.0,0.0
2020-03-09,144.0,24.0,1.0,0.0,0.0,0.0,0.0
2020-03-10,165.0,21.0,0.0,0.0,0.0,0.0,0.0
2020-03-11,228.0,63.0,0.0,0.0,0.0,0.0,0.0
2020-03-12,289.0,61.0,0.0,0.0,0.0,0.0,0.0
2020-03-13,386.0,97.0,0.0,0.0,0.0,0.0,0.0
2020-03-14,453.0,67.0,0.0,0.0,0.0,0.0,0.0
2020-03-15,549.0,96.0,0.0,0.0,0.0,0.0,0.0
2020-03-16,700.0,151.0,3.0,0.0,0.0,0.0,0.0
2020-03-17,854.0,154.0,2.0,0.0,0.0,0.0,0.0
2020-03-18,1097.0,243.0,5.0,0.0,0.0,0.0,0.0
2020-03-19,1349.0,252.0,1.0,0.0,0.0,0.0,0.0
2020-03-20,1692.0,343.0,3.0,0.0,0.0,0.0,0.0
2020-03-21,2195.0,503.0,3.0,0.0,0.0,0.0,0.0
2020-03-22,2652.0,457.0,4.0,0.0,0.0,0.0,0.0
2020-03-23,3298.0,646.0,7.0,0.0,0.0,0.0,0.0
2020-03-24,3997.0,699.0,5.0,0.0,0.0,0.0,0.0
2020-03-25,4570.0,573.0,13.0,0.0,0.0,0.0,0.0
2020-03-26,5511.0,941.0,12.0,0.0,0.0,0.0,0.0
2020-03-27,6380.0,869.0,7.0,0.0,0.0,0.0,0.0
2020-03-28,7310.0,930.0,17.0,0.0,0.0,0.0,0.0
2020-03-29,8246.0,936.0,15.0,0.0,0.0,0.0,0.0
2020-03-30,9478.0,1232.0,19.0,0.0,0.0,0.0,0.0
2020-03-31,10711.0,1233.0,35.0,0.0,0.0,0.0,0.0
2020-04-01,12023.0,1312.0,23.0,193.0,520.0,0.0,0.0
2020-04-02,13742.0,1719.0,49.0,225.0,571.0,0.0,0.0
2020-04-03,15074.0,1332.0,53.0,228.0,596.0,0.0,0.0
2020-04-04,16410.0,1336.0,83.0,233.0,668.0,0.0,0.0
2020-04-05,17599.0,1189.0,75.0,254.0,697.0,0.0,0.0
2020-04-06,19100.0,1501.0,68.0,433.0,1271.0,0.0,0.0
2020-04-07,20488.0,1388.0,78.0,461.0,1354.0,0.0,0.0
2020-04-08,21724.0,1236.0,89.0,493.0,1444.0,0.0,0.0
2020-04-09,23104.0,1380.0,103.0,544.0,1654.0,0.0,0.0
2020-04-10,24248.0,1144.0,94.0,498.0,1716.0,0.0,0.0
2020-04-11,25624.0,1376.0,119.0,509.0,1775.0,0.0,0.0
2020-04-12,26966.0,1342.0,109.0,519.0,1832.0,0.0,0.0
2020-04-13,28763.0,1797.0,130.0,500.0,1911.0,0.0,0.0
2020-04-14,30452.0,1689.0,136.0,529.0,1955.0,0.0,0.0
2020-04-15,32199.0,1747.0,154.0,522.0,2039.0,0.0,0.0
2020-04-16,33965.0,1766.0,136.0,527.0,2074.0,0.0,0.0
2020-04-17,36091.0,2126.0,147.0,525.0,2139.0,0.0,0.0
2020-04-18,37617.0,1526.0,139.0,515.0,2150.0,0.0,0.0
2020-04-19,39317.0,1700.0,170.0,534.0,2271.0,0.0,0.0
2020-04-20,41029.0,1712.0,144.0,530.0,2343.0,0.0,0.0
2020-04-21,42619.0,1590.0,161.0,524.0,2406.0,0.0,0.0
2020-04-22,44465.0,1846.0,164.0,516.0,2560.0,0.0,0.0
2020-04-23,46274.0,1809.0,181.0,541.0,2632.0,0.0,0.0
2020-04-24,47914.0,1640.0,174.0,525.0,2689.0,0.0,0.0
2020-04-25,49496.0,1582.0,181.0,525.0,2708.0,0.0,0.0
2020-04-26,50707.0,1211.0,137.0,519.0,2745.0,0.0,0.0
2020-04-27,52363.0,1656.0,179.0,520.0,2855.0,0.0,0.0
2020-04-28,53886.0,1523.0,207.0,525.0,2899.0,0.0,0.0
2020-04-29,55575.0,1689.0,208.0,510.0,2954.0,0.0,0.0
2020-04-30,57214.0,1639.0,212.0,502.0,2943.0,0.0,0.0
2020-05-01,59025.0,1811.0,181.0,494.0,2968.0,0.0,0.0
2020-05-02,60381.0,1356.0,176.0,496.0,2979.0,0.0,0.0
2020-05-03,61640.0,1259.0,146.0,488.0,3050.0,0.0,0.0
2020-05-04,63016.0,1376.0,206.0,486.0,3090.0,0.0,0.0
2020-05-05,64411.0,1395.0,172.0,478.0,3107.0,0.0,0.0
2020-05-06,65927.0,1516.0,172.0,485.0,3090.0,0.0,0.0
2020-05-07,67198.0,1271.0,148.0,462.0,3075.0,0.0,0.0
2020-05-08,68398.0,1200.0,158.0,448.0,3020.0,0.0,0.0
2020-05-09,69544.0,1146.0,162.0,435.0,3074.0,0.0,0.0
2020-05-10,70582.0,1038.0,128.0,425.0,3077.0,0.0,0.0
2020-05-11,71606.0,1024.0,132.0,414.0,3073.0,0.0,0.0
2020-05-12,72723.0,1117.0,143.0,417.0,3110.0,0.0,0.0
2020-05-13,73950.0,1227.0,112.0,405.0,3026.0,0.0,0.0
2020-05-14,75060.0,1110.0,122.0,398.0,3054.0,0.0,0.0
2020-05-15,76331.0,1271.0,124.0,392.0,3002.0,0.0,0.0
2020-05-16,77486.0,1155.0,115.0,378.0,2994.0,0.0,0.0
2020-05-17,78694.0,1208.0,90.0,365.0,2945.0,0.0,0.0
2020-05-18,79780.0,1086.0,95.0,371.0,3023.0,0.0,0.0
2020-05-19,80782.0,1002.0,77.0,368.0,2771.0,0.0,0.0
2020-05-20,82038.0,1256.0,118.0,352.0,2705.0,0.0,0.0
2020-05-21,83153.0,1115.0,101.0,343.0,2629.0,0.0,0.0
2020-05-22,84243.0,1090.0,103.0,333.0,2562.0,0.0,0.0
2020-05-23,85150.0,907.0,93.0,337.0,2519.0,0.0,0.0
2020-05-24,86103.0,953.0,89.0,337.0,2478.0,0.0,0.0
2020-05-25,87067.0,964.0,94.0,340.0,2518.0,0.0,0.0
2020-05-26,87834.0,767.0,88.0,347.0,2468.0,0.0,0.0
2020-05-27,88719.0,885.0,97.0,329.0,2417.0,0.0,0.0
2020-05-28,89506.0,787.0,117.0,316.0,2319.0,0.0,0.0
2020-05-29,90575.0,1069.0,100.0,302.0,2249.0,0.0,0.0
2020-05-30,91337.0,762.0,58.0,303.0,2236.0,0.0,0.0
2020-05-31,92067.0,730.0,56.0,301.0,2240.0,0.0,0.0
2020-06-01,92863.0,796.0,47.0,298.0,2213.0,0.0,0.0
2020-06-02,93490.0,627.0,51.0,299.0,2169.0,0.0,0.0
2020-06-03,94172.0,682.0,56.0,282.0,2086.0,0.0,0.0
2020-06-04,94754.0,582.0,65.0,263.0,1937.0,0.0,0.0
2020-06-05,95281.0,527.0,45.0,260.0,1844.0,0.0,0.0
2020-06-06,95805.0,524.0,60.0,261.0,1802.0,0.0,0.0
2020-06-07,96217.0,412.0,41.0,251.0,1806.0,0.0,0.0
2020-06-08,96668.0,451.0,46.0,248.0,1770.0,0.0,0.0
2020-06-09,97102.0,434.0,36.0,251.0,1671.0,0.0,0.0
2020-06-10,97592.0,490.0,30.0,248.0,1611.0,0.0,0.0
2020-06-11,98004.0,412.0,32.0,236.0,1549.0,0.0,0.0
2020-06-12,98465.0,461.0,30.0,226.0,1446.0,0.0,0.0
2020-06-13,98806.0,341.0,28.0,202.0,1394.0,0.0,0.0
2020-06-14,99108.0,302.0,23.0,198.0,1370.0,0.0,0.0
2020-06-15,99485.0,377.0,27.0,192.0,1311.0,0.0,0.0
2020-06-16,99844.0,359.0,19.0,181.0,1225.0,0.0,0.0
2020-06-17,100232.0,388.0,21.0,165.0,1148.0,0.0,0.0
2020-06-18,100638.0,406.0,10.0,158.0,1067.0,0.0,0.0
2020-06-19,101026.0,388.0,24.0,157.0,977.0,0.0,0.0
2020-06-20,101341.0,315.0,35.0,163.0,957.0,0.0,0.0
2020-06-21,101649.0,308.0,21.0,148.0,954.0,0.0,0.0
2020-06-22,102004.0,355.0,14.0,145.0,938.0,0.0,0.0
2020-06-23,102322.0,318.0,24.0,141.0,919.0,0.0,0.0
2020-06-24,102642.0,320.0,28.0,134.0,880.0,0.0,0.0
2020-06-25,102936.0,294.0,20.0,125.0,862.0,0.0,0.0
2020-06-26,103263.0,327.0,7.0,113.0,819.0,0.0,0.0
2020-06-27,103665.0,402.0,12.0,109.0,819.0,0.0,0.0
2020-06-28,103978.0,313.0,10.0,107.0,799.0,0.0,0.0
2020-06-29,104274.0,296.0,17.0,95.0,778.0,0.0,0.0
2020-06-30,104608.0,334.0,15.0,90.0,708.0,0.0,0.0
2020-07-01,104830.0,222.0,10.0,85.0,699.0,0.0,0.0
2020-07-02,105179.0,349.0,17.0,84.0,672.0,0.0,0.0
2020-07-03,105497.0,318.0,6.0,78.0,653.0,0.0,0.0
2020-07-04,105725.0,228.0,9.0,77.0,641.0,0.0,0.0
2020-07-05,105882.0,157.0,5.0,71.0,641.0,0.0,0.0
2020-07-06,106234.0,352.0,13.0,70.0,597.0,0.0,0.0
2020-07-07,106547.0,313.0,8.0,73.0,577.0,0.0,0.0
2020-07-08,106868.0,321.0,17.0,68.0,541.0,0.0,0.0
2020-07-09,107202.0,334.0,11.0,71.0,559.0,0.0,0.0
2020-07-10,107550.0,348.0,11.0,66.0,532.0,0.0,0.0
2020-07-11,107790.0,240.0,9.0,65.0,540.0,0.0,0.0
2020-07-12,108004.0,214.0,4.0,67.0,547.0,0.0,0.0
2020-07-13,108546.0,542.0,8.0,69.0,520.0,0.0,0.0
2020-07-14,108972.0,426.0,4.0,63.0,505.0,0.0,0.0
2020-07-15,109378.0,406.0,14.0,60.0,499.0,0.0,0.0
2020-07-16,109860.0,482.0,11.0,65.0,485.0,0.0,0.0
2020-07-17,110389.0,529.0,13.0,64.0,481.0,0.0,0.0
2020-07-18,110773.0,384.0,4.0,66.0,497.0,0.0,0.0
2020-07-19,111026.0,253.0,4.0,70.0,502.0,0.0,0.0
2020-07-20,111821.0,795.0,4.0,69.0,517.0,0.0,0.0
2020-07-21,112281.0,460.0,5.0,71.0,534.0,0.0,0.0
2020-07-22,112663.0,382.0,5.0,70.0,511.0,0.0,0.0
2020-07-23,113399.0,736.0,8.0,63.0,452.0,0.0,0.0
2020-07-24,113836.0,437.0,6.0,61.0,428.0,0.0,0.0
2020-07-25,114172.0,336.0,3.0,59.0,412.0,0.0,0.0
2020-07-26,114479.0,307.0,4.0,58.0,424.0,0.0,0.0
2020-07-27,115110.0,631.0,13.0,57.0,409.0,0.0,0.0
2020-07-28,115487.0,377.0,9.0,57.0,390.0,0.0,0.0
2020-07-29,115988.0,501.0,5.0,66.0,400.0,0.0,0.0
2020-07-30,116434.0,446.0,13.0,64.0,368.0,0.0,0.0
2020-07-31,116886.0,452.0,6.0,66.0,353.0,0.0,0.0
2020-08-01,117140.0,254.0,4.0,69.0,350.0,0.0,0.0
2020-08-02,117324.0,184.0,3.0,71.0,349.0,0.0,0.0
2020-08-03,117591.0,267.0,0.0,79.0,333.0,0.0,0.0
2020-08-04,118280.0,689.0,9.0,77.0,333.0,0.0,0.0
2020-08-05,118638.0,358.0,5.0,77.0,315.0,0.0,0.0
2020-08-06,118971.0,333.0,7.0,74.0,286.0,0.0,0.0
2020-08-07,119413.0,442.0,5.0,73.0,291.0,0.0,0.0
2020-08-08,119652.0,239.0,3.0,71.0,286.0,0.0,0.0
2020-08-09,119875.0,223.0,4.0,66.0,291.0,0.0,0.0
2020-08-10,120458.0,583.0,7.0,62.0,268.0,0.0,0.0
2020-08-11,120820.0,362.0,6.0,61.0,259.0,0.0,0.0
2020-08-12,121153.0,333.0,5.0,64.0,257.0,0.0,0.0
2020-08-13,121647.0,494.0,5.0,62.0,289.0,0.0,0.0
2020-08-14,122059.0,412.0,4.0,61.0,257.0,0.0,0.0
2020-08-15,122269.0,210.0,6.0,61.0,253.0,0.0,0.0
2020-08-16,122444.0,175.0,5.0,56.0,253.0,0.0,0.0
2020-08-17,122648.0,204.0,2.0,59.0,251.0,0.0,0.0
2020-08-18,123551.0,903.0,13.0,59.0,248.0,0.0,0.0
2020-08-19,123906.0,355.0,5.0,58.0,248.0,0.0,0.0
2020-08-20,124152.0,246.0,3.0,52.0,241.0,0.0,0.0
2020-08-21,124857.0,705.0,14.0,46.0,235.0,0.0,0.0
2020-08-22,125060.0,203.0,1.0,41.0,225.0,0.0,0.0
2020-08-23,125323.0,263.0,4.0,39.0,221.0,0.0,0.0
2020-08-24,126064.0,741.0,8.0,38.0,233.0,0.0,0.0
2020-08-25,126435.0,371.0,5.0,42.0,238.0,0.0,0.0
2020-08-26,126919.0,484.0,4.0,48.0,258.0,0.0,0.0
2020-08-27,127394.0,475.0,5.0,50.0,249.0,0.0,0.0
2020-08-28,127956.0,562.0,12.0,50.0,246.0,0.0,0.0
2020-08-29,128283.0,327.0,2.0,52.0,241.0,0.0,0.0
2020-08-30,128561.0,278.0,2.0,56.0,258.0,0.0,0.0
2020-08-31,129594.0,1033.0,8.0,58.0,265.0,0.0,0.0
2020-09-01,130131.0,537.0,4.0,54.0,266.0,0.0,0.0
2020-09-02,130698.0,567.0,2.0,57.0,262.0,0.0,0.0
2020-09-03,131350.0,652.0,5.0,54.0,261.0,0.0,0.0
2020-09-04,131988.0,638.0,0.0,57.0,245.0,0.0,0.0
2020-09-05,132368.0,380.0,1.0,48.0,223.0,0.0,0.0
2020-09-06,132799.0,431.0,2.0,49.0,224.0,0.0,0.0
2020-09-07,133216.0,417.0,2.0,44.0,223.0,0.0,0.0
2020-09-08,134694.0,1478.0,7.0,51.0,261.0,0.0,0.0
2020-09-09,135200.0,506.0,4.0,51.0,268.0,0.0,0.0
2020-09-10,136182.0,982.0,8.0,53.0,269.0,0.0,0.0
2020-09-11,136997.0,815.0,0.0,48.0,275.0,0.0,0.0
2020-09-12,137636.0,639.0,3.0,54.0,281.0,0.0,0.0
2020-09-13,138212.0,576.0,4.0,55.0,278.0,0.0,0.0
2020-09-14,139541.0,1329.0,12.0,68.0,296.0,0.0,0.0
2020-09-15,140471.0,930.0,7.0,74.0,303.0,0.0,0.0
2020-09-16,141475.0,1004.0,5.0,84.0,316.0,0.0,0.0
2020-09-17,142590.0,1115.0,7.0,80.0,323.0,0.0,0.0
2020-09-18,143871.0,1281.0,10.0,82.0,326.0,0.0,0.0
2020-09-19,144837.0,966.0,7.0,87.0,336.0,0.0,0.0
2020-09-20,145771.0,934.0,3.0,88.0,364.0,0.0,0.0
2020-09-21,147451.0,1680.0,11.0,85.0,389.0,0.0,0.0
2020-09-22,148664.0,1213.0,8.0,92.0,411.0,0.0,0.0
2020-09-23,150089.0,1425.0,9.0,93.0,425.0,0.0,0.0
2020-09-24,151519.0,1430.0,9.0,100.0,454.0,0.0,0.0
2020-09-25,153313.0,1794.0,7.0,115.0,489.0,0.0,0.0
2020-09-26,154946.0,1633.0,5.0,114.0,502.0,0.0,0.0
2020-09-27,156404.0,1458.0,6.0,110.0,507.0,0.0,0.0
2020-09-28,158607.0,2203.0,17.0,114.0,554.0,0.0,0.0
2020-09-29,160539.0,1932.0,14.0,120.0,576.0,0.0,0.0
2020-09-30,162560.0,2021.0,18.0,124.0,601.0,0.0,0.0
2020-10-01,164444.0,1884.0,16.0,129.0,601.0,0.0,0.0
2020-10-02,166611.0,2167.0,90.0,141.0,631.0,0.0,0.0
2020-10-03,168372.0,1761.0,52.0,147.0,649.0,0.0,0.0
2020-10-04,170033.0,1661.0,18.0,141.0,692.0,0.0,0.0
2020-10-05,172452.0,2419.0,25.0,145.0,734.0,0.0,0.0
2020-10-06,174611.0,2159.0,22.0,142.0,762.0,0.0,0.0
2020-10-07,176719.0,2108.0,19.0,150.0,816.0,0.0,0.0
2020-10-08,179121.0,2402.0,18.0,149.0,813.0,0.0,0.0
2020-10-09,181576.0,2455.0,14.0,159.0,817.0,0.0,0.0
2020-10-10,183330.0,1754.0,26.0,160.0,804.0,0.0,0.0
2020-10-11,185227.0,1897.0,14.0,169.0,855.0,0.0,0.0
2020-10-12,186752.0,1525.0,15.0,185.0,866.0,0.0,0.0
2020-10-13,190222.0,3470.0,28.0,189.0,921.0,0.0,0.0
2020-10-14,192761.0,2539.0,23.0,190.0,940.0,0.0,0.0
2020-10-15,195254.0,2493.0,17.0,196.0,971.0,0.0,0.0
2020-10-16,197694.0,2440.0,30.0,204.0,951.0,0.0,0.0
2020-10-17,199477.0,1783.0,17.0,207.0,971.0,0.0,0.0
2020-10-18,201410.0,1933.0,18.0,207.0,990.0,0.0,0.0
2020-10-19,204551.0,3141.0,33.0,216.0,1008.0,0.0,0.0
2020-10-20,207028.0,2477.0,17.0,208.0,1020.0,0.0,0.0
2020-10-21,209687.0,2659.0,38.0,223.0,1017.0,0.0,0.0
2020-10-22,212235.0,2548.0,31.0,225.0,1035.0,0.0,0.0
2020-10-23,215340.0,3105.0,29.0,224.0,1049.0,0.0,0.0
2020-10-24,217354.0,2014.0,27.0,229.0,1083.0,0.0,0.0
2020-10-25,219284.0,1930.0,29.0,228.0,1101.0,0.0,0.0
2020-10-26,223514.0,4230.0,34.0,224.0,1128.0,0.0,0.0
2020-10-27,226263.0,2749.0,27.0,222.0,1156.0,0.0,0.0
2020-10-28,229139.0,2876.0,37.0,217.0,1146.0,0.0,0.0
2020-10-29,232095.0,2956.0,33.0,221.0,1176.0,0.0,0.0
2020-10-30,235522.0,3427.0,45.0,222.0,1174.0,0.0,0.0
2020-10-31,237844.0,2322.0,41.0,218.0,1192.0,0.0,0.0
2020-11-01,240361.0,2517.0,37.0,221.0,1237.0,0.0,0.0
2020-11-02,243665.0,3304.0,29.0,222.0,1289.0,0.0,0.0
2020-11-03,248386.0,4721.0,57.0,228.0,1321.0,0.0,0.0
2020-11-04,251245.0,2859.0,42.0,248.0,1328.0,0.0,0.0
2020-11-05,255285.0,4040.0,43.0,237.0,1359.0,0.0,0.0
2020-11-06,260094.0,4809.0,56.0,249.0,1353.0,0.0,0.0
2020-11-07,264324.0,4230.0,47.0,254.0,1363.0,0.0,0.0
2020-11-08,268276.0,3952.0,52.0,266.0,1457.0,0.0,0.0
2020-11-09,273167.0,4891.0,58.0,271.0,1491.0,0.0,0.0
2020-11-10,277808.0,4641.0,62.0,289.0,1579.0,0.0,0.0
2020-11-11,281928.0,4120.0,61.0,309.0,1629.0,0.0,0.0
2020-11-12,287419.0,5491.0,76.0,320.0,1699.0,0.0,0.0
2020-11-13,292283.0,4864.0,49.0,327.0,1717.0,0.0,0.0
2020-11-14,296568.0,4285.0,63.0,348.0,1748.0,0.0,0.0
2020-11-15,300673.0,4105.0,73.0,362.0,1781.0,0.0,0.0
2020-11-16,306491.0,5818.0,74.0,386.0,1865.0,0.0,0.0
2020-11-17,310914.0,4423.0,66.0,388.0,1909.0,0.0,0.0
2020-11-18,315628.0,4714.0,102.0,406.0,1917.0,0.0,0.0
2020-11-19,320643.0,5015.0,73.0,398.0,1876.0,0.0,0.0
2020-11-20,325716.0,5073.0,65.0,401.0,1919.0,0.0,0.0
2020-11-21,330545.0,4829.0,68.0,403.0,1983.0,0.0,0.0
2020-11-22,335179.0,4634.0,58.0,424.0,2019.0,0.0,0.0
2020-11-23,341951.0,6772.0,77.0,430.0,2103.0,0.0,0.0
2020-11-24,347381.0,5430.0,91.0,431.0,2148.0,0.0,0.0
2020-11-25,353026.0,5645.0,93.0,423.0,2174.0,0.0,0.0
2020-11-26,358888.0,5862.0,86.0,437.0,2339.0,0.0,0.0
2020-11-27,364757.0,5869.0,83.0,449.0,2387.0,0.0,0.0
2020-11-28,370341.0,5584.0,73.0,454.0,2430.0,0.0,0.0
2020-11-29,375794.0,5453.0,77.0,471.0,2485.0,0.0,0.0
2020-11-30,383468.0,7674.0,106.0,496.0,2591.0,0.0,0.0
2020-12-01,389268.0,5800.0,77.0,501.0,2655.0,0.0,0.0
2020-12-02,395636.0,6368.0,107.0,518.0,2696.0,0.0,0.0
2020-12-03,402165.0,6529.0,91.0,532.0,2773.0,0.0,0.0
2020-12-04,408988.0,6823.0,96.0,532.0,2834.0,0.0,0.0
2020-12-05,415171.0,6183.0,79.0,538.0,2896.0,0.0,0.0
2020-12-06,421102.0,5931.0,80.0,549.0,3000.0,0.0,0.0
2020-12-07,428917.0,7815.0,125.0,563.0,3050.0,0.0,0.0
2020-12-08,435178.0,6261.0,96.0,575.0,3035.0,0.0,0.0
2020-12-09,441542.0,6364.0,110.0,579.0,2991.0,0.0,0.0
2020-12-10,448106.0,6564.0,123.0,615.0,3090.0,0.0,0.0
2020-12-11,455124.0,7018.0,133.0,623.0,3074.0,0.0,0.0
2020-12-12,461299.0,6175.0,97.0,632.0,3103.0,0.0,0.0
2020-12-13,467291.0,5992.0,81.0,624.0,3210.0,0.0,0.0
2020-12-14,475836.0,8545.0,143.0,632.0,3334.0,5.0,0.0
2020-12-15,482187.0,6351.0,107.0,655.0,3324.0,726.0,721.0
2020-12-16,489005.0,6818.0,128.0,667.0,3344.0,3027.0,2301.0
2020-12-17,496390.0,7385.0,148.0,674.0,3348.0,7282.0,4255.0
2020-12-18,503584.0,7194.0,122.0,681.0,3331.0,11297.0,4015.0
2020-12-19,509757.0,6173.0,102.0,684.0,3379.0,12374.0,1077.0
2020-12-20,515826.0,6069.0,89.0,679.0,3511.0,13236.0,862.0
2020-12-21,523454.0,7628.0,110.0,681.0,3526.0,21085.0,7849.0
2020-12-22,529978.0,6524.0,121.0,681.0,3502.0,26877.0,5792.0
2020-12-23,536667.0,6689.0,145.0,678.0,3462.0,35570.0,8693.0
2020-12-24,543020.0,6353.0,144.0,673.0,3280.0,45773.0,10203.0
2020-12-25,548944.0,5924.0,106.0,679.0,3419.0,48826.0,3053.0
2020-12-26,554321.0,5377.0,100.0,691.0,3670.0,48841.0,15.0
2020-12-27,559865.0,5544.0,123.0,714.0,3763.0,52453.0,3612.0
2020-12-28,566135.0,6270.0,112.0,723.0,3900.0,59079.0,6626.0
2020-12-29,575540.0,9405.0,202.0,744.0,4093.0,72092.0,13013.0
2020-12-30,583254.0,7714.0,105.0,761.0,4130.0,80641.0,8549.0
2020-12-31,590249.0,6995.0,111.0,757.0,4076.0,96170.0,15529.0
2021-01-01,596582.0,6333.0,83.0,748.0,4034.0,105461.0,9291.0
2021-01-02,602396.0,5814.0,103.0,763.0,4246.0,110118.0,4657.0
2021-01-03,612021.0,9625.0,70.0,774.0,4374.0,115339.0,5221.0
2021-01-04,621738.0,9717.0,232.0,804.0,4413.0,138966.0,23627.0
2021-01-05,629266.0,7528.0,146.0,821.0,4503.0,156845.0,17879.0
2021-01-06,638177.0,8911.0,136.0,819.0,4489.0,184957.0,28112.0
2021-01-07,647408.0,9231.0,183.0,819.0,4503.0,222125.0,37168.0
2021-01-08,656298.0,8890.0,130.0,831.0,4462.0,264017.0,41892.0
2021-01-09,663188.0,6890.0,130.0,827.0,4513.0,300249.0,36232.0
2021-01-10,669592.0,6404.0,116.0,836.0,4686.0,323781.0,23532.0
2021-01-11,677012.0,7420.0,125.0,850.0,4733.0,362166.0,38385.0
2021-01-12,683815.0,6803.0,148.0,859.0,4729.0,393400.0,31234.0
2021-01-13,690906.0,7091.0,181.0,867.0,4723.0,423711.0,30311.0
2021-01-14,697925.0,7019.0,147.0,858.0,4666.0,466390.0,42679.0
2021-01-15,704874.0,6949.0,177.0,853.0,4573.0,515888.0,49498.0
2021-01-16,710675.0,5801.0,114.0,845.0,4514.0,553819.0,37931.0
2021-01-17,715559.0,4884.0,140.0,842.0,4574.0,582416.0,28597.0
2021-01-18,721604.0,6045.0,125.0,843.0,4537.0,623715.0,41299.0
2021-01-19,726920.0,5316.0,138.0,845.0,4426.0,663128.0,39413.0
2021-01-20,732754.0,5834.0,188.0,829.0,4367.0,706501.0,43373.0
2021-01-21,738597.0,5843.0,140.0,818.0,4275.0,749604.0,43103.0
2021-01-22,744265.0,5668.0,176.0,845.0,4206.0,787695.0,38091.0
2021-01-23,748567.0,4302.0,117.0,842.0,4075.0,815195.0,27500.0
2021-01-24,752507.0,3940.0,130.0,842.0,4089.0,829872.0,14677.0
2021-01-25,757859.0,5352.0,126.0,818.0,4002.0,853343.0,23471.0
2021-01-26,762223.0,4364.0,143.0,822.0,3872.0,883025.0,29682.0
2021-01-27,766674.0,4451.0,85.0,797.0,3779.0,906169.0,23144.0
2021-01-28,771318.0,4644.0,200.0,806.0,3723.0,931218.0,25049.0
2021-01-29,776006.0,4688.0,137.0,775.0,3529.0,953030.0,21812.0
2021-01-30,779709.0,3703.0,141.0,769.0,3494.0,968205.0,15175.0
2021-01-31,782912.0,3203.0,90.0,762.0,3474.0,973390.0,5185.0
2021-02-01,786923.0,4011.0,104.0,734.0,3298.0,991721.0,18331.0
2021-02-02,790553.0,3630.0,77.0,726.0,3326.0,1003370.0,11649.0
2021-02-03,794154.0,3601.0,142.0,706.0,3203.0,1017059.0,13689.0
2021-02-04,798083.0,3929.0,158.0,697.0,3100.0,1036680.0,19621.0
2021-02-05,802047.0,3964.0,96.0,681.0,2958.0,1060322.0,23642.0
2021-02-06,805018.0,2971.0,93.0,689.0,2896.0,1081963.0,21641.0
2021-02-07,807596.0,2578.0,65.0,684.0,2933.0,1095843.0,13880.0
2021-02-08,811102.0,3506.0,68.0,648.0,2834.0,1117279.0,21436.0
2021-02-09,814050.0,2948.0,74.0,642.0,2763.0,1144125.0,26846.0
2021-02-10,817659.0,3609.0,95.0,616.0,2618.0,1174091.0,29966.0
2021-02-11,821035.0,3376.0,84.0,595.0,2511.0,1207876.0,33785.0
2021-02-12,824345.0,3310.0,74.0,586.0,2425.0,1245419.0,37543.0
2021-02-13,826866.0,2521.0,66.0,573.0,2409.0,1279527.0,34108.0
2021-02-14,829076.0,2210.0,65.0,578.0,2407.0,1295796.0,16269.0
2021-02-15,831044.0,1968.0,31.0,570.0,2324.0,1306465.0,10669.0
2021-02-16,835022.0,3978.0,73.0,586.0,2381.0,1332467.0,26002.0
2021-02-17,837883.0,2861.0,38.0,553.0,2289.0,1353970.0,21503.0
2021-02-18,841333.0,3450.0,63.0,539.0,2271.0,1381563.0,27593.0
2021-02-19,844478.0,3145.0,78.0,524.0,2202.0,1432123.0,50560.0
2021-02-20,847051.0,2573.0,54.0,544.0,2177.0,1484005.0,51882.0
2021-02-21,849459.0,2408.0,44.0,547.0,2240.0,1525354.0,41349.0
2021-02-22,853033.0,3574.0,49.0,552.0,2184.0,1587607.0,62253.0
2021-02-23,856056.0,3023.0,39.0,573.0,2184.0,1637325.0,49718.0
2021-02-24,859115.0,3059.0,45.0,556.0,2123.0,1683944.0,46619.0
2021-02-25,862268.0,3153.0,58.0,552.0,2104.0,1742878.0,58934.0
2021-02-26,865383.0,3115.0,50.0,536.0,2035.0,1811357.0,68479.0
2021-02-27,867885.0,2502.0,45.0,551.0,2047.0,1873761.0,62404.0
2021-02-28,870022.0,2137.0,34.0,546.0,2053.0,1919773.0,46012.0
2021-03-01,873534.0,3512.0,23.0,559.0,2029.0,1979597.0,59824.0
2021-03-02,876588.0,3054.0,28.0,540.0,1998.0,2055232.0,75635.0
2021-03-03,879540.0,2952.0,60.0,538.0,1998.0,2130551.0,75319.0
2021-03-04,882779.0,3239.0,46.0,527.0,1967.0,2210365.0,79814.0
2021-03-05,886094.0,3315.0,41.0,522.0,1960.0,2297090.0,86725.0
2021-03-06,888748.0,2654.0,21.0,514.0,1959.0,2371024.0,73934.0
2021-03-07,891117.0,2369.0,26.0,524.0,2002.0,2428322.0,57298.0
2021-03-08,894883.0,3766.0,37.0,531.0,1935.0,2515041.0,86719.0
2021-03-09,897914.0,3031.0,28.0,526.0,2001.0,2586011.0,70970.0
2021-03-10,901124.0,3210.0,31.0,519.0,1963.0,2665604.0,79593.0
2021-03-11,904562.0,3438.0,36.0,519.0,1980.0,2764593.0,98989.0
2021-03-12,908333.0,3771.0,33.0,510.0,1964.0,2877128.0,112535.0
2021-03-13,911149.0,2816.0,30.0,513.0,2005.0,2983627.0,106499.0
2021-03-14,913552.0,2403.0,29.0,535.0,2084.0,3076737.0,93110.0
2021-03-15,917437.0,3885.0,32.0,528.0,2055.0,3201603.0,124866.0
2021-03-16,920915.0,3478.0,24.0,559.0,2054.0,3323659.0,122056.0
2021-03-17,924545.0,3630.0,35.0,553.0,2082.0,3465196.0,141537.0
2021-03-18,928472.0,3927.0,36.0,561.0,2095.0,3622950.0,157754.0
2021-03-19,932819.0,4347.0,27.0,553.0,2128.0,3788523.0,165573.0
2021-03-20,936138.0,3319.0,26.0,557.0,2167.0,3922570.0,134047.0
2021-03-21,939245.0,3107.0,33.0,564.0,2180.0,4013233.0,90663.0
2021-03-22,944332.0,5087.0,40.0,594.0,2269.0,4159672.0,146439.0
2021-03-23,948376.0,4044.0,19.0,612.0,2263.0,4286653.0,126981.0
2021-03-24,953373.0,4997.0,24.0,617.0,2271.0,4459696.0,173043.0
2021-03-25,958540.0,5167.0,31.0,643.0,2343.0,4651445.0,191749.0
2021-03-26,964151.0,5611.0,36.0,653.0,2328.0,4870682.0,219237.0
2021-03-27,968273.0,4122.0,26.0,653.0,2360.0,5041203.0,170521.0
2021-03-28,972301.0,4028.0,28.0,671.0,2430.0,5189814.0,148611.0
2021-03-29,978910.0,6609.0,20.0,680.0,2489.0,5378647.0,188833.0
2021-03-30,984144.0,5234.0,26.0,690.0,2495.0,5553879.0,175232.0
2021-03-31,990662.0,6518.0,33.0,694.0,2525.0,5778911.0,225032.0
2021-04-01,997016.0,6354.0,43.0,699.0,2540.0,5988868.0,209957.0
2021-04-02,1001635.0,4619.0,28.0,731.0,2635.0,6160599.0,171731.0
2021-04-03,1007597.0,5962.0,20.0,768.0,2713.0,6355667.0,195068.0
2021-04-04,1011978.0,4381.0,24.0,796.0,2795.0,6477214.0,121547.0
2021-04-05,1019494.0,7516.0,21.0,812.0,2894.0,6659443.0,182229.0
2021-04-06,1030673.0,11179.0,46.0,812.0,2940.0,6862531.0,203088.0
2021-04-07,1038829.0,8156.0,32.0,855.0,3004.0,7098368.0,235837.0
2021-04-08,1047704.0,8875.0,38.0,878.0,3063.0,7358458.0,260090.0
2021-04-09,1056897.0,9193.0,40.0,919.0,3167.0,7663135.0,304677.0
2021-04-10,1064862.0,7965.0,36.0,955.0,3329.0,7907018.0,243883.0
2021-04-11,1072047.0,7185.0,28.0,973.0,3462.0,8090586.0,183568.0
2021-04-12,1082418.0,10371.0,41.0,987.0,3580.0,8427987.0,337401.0
2021-04-13,1090614.0,8196.0,36.0,1004.0,3680.0,8701144.0,273157.0
2021-04-14,1099978.0,9364.0,53.0,1029.0,3721.0,9000691.0,299547.0
2021-04-15,1109734.0,9756.0,55.0,1084.0,3850.0,9310518.0,309827.0
2021-04-16,1118002.0,8268.0,41.0,1113.0,4008.0,9633501.0,322983.0
2021-04-17,1125830.0,7828.0,50.0,1145.0,4101.0,9888945.0,255444.0
2021-04-18,1133021.0,7191.0,32.0,1175.0,4218.0,10090092.0,201147.0
2021-04-19,1142625.0,9604.0,44.0,1172.0,4220.0,10353135.0,263043.0
2021-04-20,1150528.0,7903.0,46.0,1210.0,4323.0,10592735.0,239600.0
2021-04-21,1158744.0,8216.0,50.0,1244.0,4315.0,10912033.0,319298.0
2021-04-22,1167777.0,9033.0,59.0,1260.0,4308.0,11278447.0,366414.0
2021-04-23,1176003.0,8226.0,61.0,1286.0,4281.0,11643399.0,364952.0
2021-04-24,1183187.0,7184.0,44.0,1294.0,4345.0,11932958.0,289559.0
2021-04-25,1189788.0,6601.0,38.0,1319.0,4385.0,12165868.0,232910.0
2021-04-26,1198434.0,8646.0,59.0,1320.0,4359.0,12429594.0,263726.0
2021-04-27,1205937.0,7503.0,41.0,1321.0,4330.0,12692222.0,262628.0
2021-04-28,1214206.0,8269.0,52.0,1338.0,4243.0,12958291.0,266069.0
2021-04-29,1222564.0,8358.0,52.0,1343.0,4196.0,13265191.0,306900.0
2021-04-30,1230530.0,7966.0,50.0,1348.0,4149.0,13547975.0,282784.0
2021-05-01,1238296.0,7766.0,42.0,1349.0,4201.0,13782804.0,234829.0
2021-05-02,1244435.0,6139.0,39.0,1343.0,4253.0,13956433.0,173629.0
2021-05-03,1252750.0,8315.0,41.0,1345.0,4156.0,14183784.0,227351.0
2021-05-04,1259651.0,6901.0,55.0,1334.0,4052.0,14418992.0,235208.0
2021-05-05,1267370.0,7719.0,54.0,1307.0,3994.0,14706130.0,287138.0
2021-05-06,1275453.0,8083.0,39.0,1279.0,3872.0,15066362.0,360232.0
2021-05-07,1283199.0,7746.0,40.0,1269.0,3785.0,15466836.0,400474.0
2021-05-08,1289678.0,6479.0,39.0,1259.0,3766.0,15797041.0,330205.0
2021-05-09,1295213.0,5535.0,58.0,1246.0,3823.0,16070213.0,273172.0
2021-05-10,1302154.0,6941.0,56.0,1244.0,3719.0,16407106.0,336893.0
2021-05-11,1308236.0,6082.0,32.0,1221.0,3728.0,16711362.0,304256.0
2021-05-12,1314850.0,6614.0,54.0,1225.0,3663.0,17062381.0,351019.0
2021-05-13,1321202.0,6352.0,57.0,1232.0,3649.0,17460045.0,397664.0
2021-05-14,1327214.0,6012.0,44.0,1233.0,3457.0,17895409.0,435364.0
2021-05-15,1332007.0,4793.0,39.0,1242.0,3477.0,18262722.0,367313.0
2021-05-16,1336276.0,4269.0,40.0,1232.0,3536.0,18582158.0,319436.0
2021-05-17,1341268.0,4992.0,34.0,1220.0,3419.0,18974621.0,392463.0
2021-05-18,1345649.0,4381.0,36.0,1168.0,3331.0,19261805.0,287184.0
2021-05-19,1350639.0,4990.0,48.0,1135.0,3259.0,19621971.0,360166.0
2021-05-20,1355117.0,4478.0,45.0,1114.0,3139.0,20023476.0,401505.0
2021-05-21,1359588.0,4471.0,51.0,1090.0,3122.0,20509343.0,485867.0
2021-05-22,1363020.0,3432.0,41.0,1062.0,2985.0,20901862.0,392519.0
2021-05-23,1365851.0,2831.0,28.0,1053.0,3017.0,21212765.0,310903.0
2021-05-24,1368224.0,2373.0,30.0,1047.0,2952.0,21570598.0,357833.0
2021-05-25,1371721.0,3497.0,63.0,1030.0,2868.0,21826504.0,255906.0
2021-05-26,1374572.0,2851.0,37.0,1001.0,2787.0,22150571.0,324067.0
2021-05-27,1377598.0,3026.0,50.0,973.0,2655.0,22544930.0,394359.0
2021-05-28,1380542.0,2944.0,29.0,933.0,2510.0,23004782.0,459852.0
2021-05-29,1382890.0,2348.0,38.0,913.0,2454.0,23353297.0,348515.0
2021-05-30,1384742.0,1852.0,34.0,912.0,2400.0,23672716.0,319419.0
2021-05-31,1387091.0,2349.0,35.0,871.0,2290.0,24063314.0,390598.0
2021-06-01,1388921.0,1830.0,19.0,846.0,2243.0,24379043.0,315729.0
2021-06-02,1391117.0,2196.0,46.0,788.0,2121.0,24726546.0,347503.0
2021-06-03,1393272.0,2155.0,32.0,748.0,1999.0,25141962.0,415416.0
2021-06-04,1395085.0,1813.0,35.0,720.0,1936.0,25603511.0,461549.0
2021-06-05,1396586.0,1501.0,33.0,705.0,1925.0,25983643.0,380132.0
2021-06-06,1397774.0,1188.0,12.0,687.0,1888.0,26307993.0,324350.0
2021-06-07,1399237.0,1463.0,37.0,669.0,1829.0,26716956.0,408963.0
2021-06-08,1400611.0,1374.0,30.0,656.0,1747.0,27070453.0,353497.0
2021-06-09,1402184.0,1573.0,52.0,636.0,1676.0,27475608.0,405155.0
2021-06-10,1403622.0,1438.0,30.0,621.0,1587.0,27954010.0,478402.0
2021-06-11,1404971.0,1349.0,13.0,589.0,1513.0,28457391.0,503381.0
2021-06-12,1406133.0,1162.0,28.0,590.0,1503.0,28877658.0,420267.0
2021-06-13,1407055.0,922.0,17.0,574.0,1467.0,29256661.0,379003.0
2021-06-14,1408107.0,1052.0,14.0,544.0,1449.0,29704543.0,447882.0
2021-06-15,1409077.0,970.0,27.0,527.0,1375.0,30153730.0,449187.0
2021-06-16,1410095.0,1018.0,28.0,502.0,1296.0,30619299.0,465569.0
2021-06-17,1411193.0,1098.0,12.0,499.0,1237.0,31127384.0,508085.0
2021-06-18,1412182.0,989.0,11.0,482.0,1184.0,31663711.0,536327.0
2021-06-19,1412925.0,743.0,31.0,479.0,1150.0,32086233.0,422522.0
2021-06-20,1413544.0,619.0,22.0,469.0,1168.0,32437156.0,350923.0
2021-06-21,1414228.0,684.0,10.0,460.0,1091.0,32843784.0,406628.0
2021-06-22,1414880.0,652.0,68.0,448.0,1054.0,33316781.0,472997.0
2021-06-23,1415589.0,709.0,21.0,437.0,1012.0,33834073.0,517292.0
2021-06-24,1416297.0,708.0,17.0,406.0,990.0,34427204.0,593131.0
2021-06-25,1416935.0,638.0,5.0,400.0,945.0,34949615.0,522411.0
2021-06-26,1417455.0,520.0,17.0,396.0,928.0,35394551.0,444936.0
2021-06-27,1417858.0,403.0,13.0,382.0,925.0,35754400.0,359849.0
2021-06-28,1418570.0,712.0,11.0,364.0,904.0,36459494.0,705094.0
2021-06-29,1419198.0,628.0,36.0,362.0,864.0,37047793.0,588299.0
2021-06-30,1419748.0,550.0,21.0,346.0,829.0,37655078.0,607285.0
2021-07-01,1420024.0,276.0,19.0,335.0,783.0,38118095.0,463017.0
2021-07-02,1420680.0,656.0,24.0,319.0,761.0,38685867.0,567772.0
2021-07-03,1421065.0,385.0,10.0,300.0,743.0,39047671.0,361804.0
2021-07-04,1421358.0,293.0,12.0,295.0,741.0,39369074.0,321403.0
2021-07-05,1421931.0,573.0,8.0,291.0,735.0,39970899.0,601825.0
2021-07-06,1422336.0,405.0,13.0,278.0,728.0,40453839.0,482940.0
2021-07-07,1422896.0,560.0,6.0,267.0,708.0,40957721.0,503882.0
2021-07-08,1423419.0,523.0,18.0,263.0,652.0,41579958.0,622237.0
2021-07-09,1423953.0,534.0,14.0,259.0,630.0,42126651.0,546693.0
2021-07-10,1424300.0,347.0,9.0,262.0,643.0,42492957.0,366306.0
2021-07-11,1424569.0,269.0,8.0,266.0,630.0,42779071.0,286114.0
2021-07-12,1425023.0,454.0,3.0,250.0,620.0,43284059.0,504988.0
2021-07-13,1425388.0,365.0,11.0,239.0,602.0,43700000.0,415941.0
2021-07-14,1425712.0,324.0,8.0,228.0,587.0,44126923.0,426923.0
2021-07-15,1426159.0,447.0,14.0,215.0,570.0,44565898.0,438975.0
2021-07-16,1426525.0,366.0,17.0,202.0,536.0,44998433.0,432535.0
2021-07-17,1426872.0,347.0,4.0,199.0,541.0,45300763.0,302330.0
2021-07-18,1427163.0,291.0,7.0,200.0,546.0,45526474.0,225711.0
2021-07-19,1427728.0,565.0,4.0,195.0,522.0,45952918.0,426444.0
2021-07-20,1428083.0,355.0,4.0,203.0,508.0,46288480.0,335562.0
2021-07-21,1428621.0,538.0,4.0,203.0,497.0,46674353.0,385873.0
2021-07-22,1429015.0,394.0,14.0,198.0,477.0,47056217.0,381864.0
2021-07-23,1429610.0,595.0,13.0,185.0,443.0,47411775.0,355558.0
2021-07-24,1429984.0,374.0,5.0,177.0,441.0,47661261.0,249486.0
2021-07-25,1430278.0,294.0,4.0,180.0,460.0,47858487.0,197226.0
2021-07-26,1431222.0,944.0,4.0,178.0,455.0,48249836.0,391349.0
2021-07-27,1431816.0,594.0,8.0,173.0,438.0,48529333.0,279497.0
2021-07-28,1432659.0,843.0,10.0,178.0,450.0,48805138.0,275805.0
2021-07-29,1433590.0,931.0,6.0,173.0,447.0,49075741.0,270603.0
2021-07-30,1434495.0,905.0,16.0,161.0,437.0,49333787.0,258046.0
2021-07-31,1434967.0,472.0,6.0,150.0,425.0,49515689.0,181902.0
2021-08-01,1435347.0,380.0,2.0,152.0,432.0,49661157.0,145468.0
2021-08-02,1435683.0,336.0,1.0,157.0,438.0,49755397.0,94240.0
2021-08-03,1437713.0,2030.0,6.0,159.0,447.0,50034283.0,278886.0
2021-08-04,1438806.0,1093.0,11.0,162.0,455.0,50201694.0,167411.0
2021-08-05,1440396.0,1590.0,19.0,161.0,486.0,50391400.0,189706.0
2021-08-06,1442021.0,1625.0,17.0,165.0,455.0,50567095.0,175695.0
2021-08-07,1442740.0,719.0,9.0,163.0,468.0,50695024.0,127929.0
2021-08-08,1443469.0,729.0,6.0,160.0,453.0,50795327.0,100303.0
2021-08-09,1446326.0,2857.0,9.0,163.0,486.0,50980931.0,185604.0
2021-08-10,1447743.0,1417.0,5.0,171.0,498.0,51117763.0,136832.0
2021-08-11,1449822.0,2079.0,5.0,191.0,522.0,51255056.0,137293.0
2021-08-12,1451984.0,2162.0,4.0,192.0,545.0,51407722.0,152666.0
2021-08-13,1454422.0,2438.0,6.0,202.0,564.0,51555262.0,147540.0
2021-08-14,1455494.0,1072.0,3.0,210.0,555.0,51671716.0,116454.0
2021-08-15,1456423.0,929.0,0.0,215.0,577.0,51769704.0,97988.0
2021-08-16,1460340.0,3917.0,4.0,230.0,633.0,51934258.0,164554.0
2021-08-17,1462314.0,1974.0,15.0,237.0,649.0,52071328.0,137070.0
2021-08-18,1464910.0,2596.0,42.0,240.0,690.0,52196161.0,124833.0
2021-08-19,1467812.0,2902.0,22.0,253.0,738.0,52333544.0,137383.0
2021-08-20,1470842.0,3030.0,6.0,256.0,786.0,52461684.0,128140.0
2021-08-21,1472306.0,1464.0,1.0,209.0,689.0,52563038.0,101354.0
2021-08-22,1473497.0,1191.0,2.0,224.0,749.0,52640976.0,77938.0
2021-08-23,1478305.0,4808.0,22.0,230.0,753.0,52762056.0,121080.0
2021-08-24,1480796.0,2491.0,34.0,319.0,941.0,52878470.0,116414.0
2021-08-25,1484267.0,3471.0,7.0,331.0,980.0,52983704.0,105234.0
2021-08-26,1487821.0,3554.0,9.0,346.0,1056.0,53106652.0,122948.0
2021-08-27,1491589.0,3768.0,26.0,362.0,1085.0,53222204.0,115552.0
2021-08-28,1493265.0,1676.0,8.0,361.0,1093.0,53303118.0,80914.0
2021-08-29,1494699.0,1434.0,3.0,375.0,1119.0,53370982.0,67864.0
2021-08-30,1501089.0,6390.0,17.0,384.0,1175.0,53494537.0,123555.0
2021-08-31,1504281.0,3192.0,14.0,404.0,1207.0,53576522.0,81985.0
2021-09-01,1508281.0,4000.0,30.0,419.0,1240.0,53674534.0,98012.0
2021-09-02,1512341.0,4060.0,29.0,445.0,1267.0,53768926.0,94392.0
2021-09-03,1516567.0,4226.0,15.0,459.0,1350.0,53878364.0,109438.0
2021-09-04,1518280.0,1713.0,10.0,473.0,1398.0,53960676.0,82312.0
2021-09-05,1520081.0,1801.0,5.0,493.0,1435.0,54022913.0,62237.0
2021-09-06,1521585.0,1504.0,3.0,512.0,1474.0,54059574.0,36661.0
2021-09-07,1530657.0,9072.0,43.0,527.0,1549.0,54162227.0,102653.0
2021-09-08,1534594.0,3937.0,40.0,537.0,1610.0,54246980.0,84753.0
2021-09-09,1538824.0,4230.0,27.0,547.0,1635.0,54344974.0,97994.0
2021-09-10,1543470.0,4646.0,36.0,568.0,1726.0,54443410.0,98436.0
2021-09-11,1544598.0,1128.0,16.0,419.0,1379.0,54516547.0,73137.0
2021-09-12,1547391.0,2793.0,12.0,599.0,1796.0,54573823.0,57276.0
2021-09-13,1556081.0,8690.0,40.0,616.0,1782.0,54673374.0,99551.0
2021-09-14,1560385.0,4304.0,25.0,633.0,1877.0,54746714.0,73340.0
2021-09-15,1564842.0,4457.0,42.0,635.0,1893.0,54830358.0,83644.0
2021-09-16,1569479.0,4637.0,20.0,636.0,1904.0,54926655.0,96297.0
2021-09-17,1574529.0,5050.0,45.0,624.0,1922.0,55085874.0,159219.0
2021-09-18,1576527.0,1998.0,14.0,475.0,1642.0,55154715.0,68841.0
2021-09-19,1578344.0,1817.0,11.0,489.0,1681.0,55210649.0,55934.0
2021-09-20,1586910.0,8566.0,39.0,652.0,2005.0,55350441.0,139792.0
2021-09-21,1590781.0,3871.0,54.0,674.0,2098.0,55449587.0,99146.0
2021-09-22,1594918.0,4137.0,49.0,678.0,2125.0,55550039.0,100452.0
2021-09-23,1599490.0,4572.0,44.0,685.0,2162.0,55665766.0,115727.0
2021-09-24,1604017.0,4527.0,39.0,682.0,2145.0,55831938.0,166172.0
2021-09-25,1605270.0,1253.0,15.0,536.0,1777.0,55906674.0,74736.0
2021-09-26,1606382.0,1112.0,10.0,553.0,1828.0,55975379.0,68705.0
2021-09-27,1617233.0,10851.0,54.0,690.0,2186.0,56096797.0,121418.0
2021-09-28,1620860.0,3627.0,56.0,691.0,2192.0,56175147.0,78350.0
2021-09-29,1625278.0,4418.0,64.0,696.0,2189.0,56273625.0,98478.0
2021-09-30,1629026.0,3748.0,43.0,538.0,1831.0,56373296.0,99671.0
2021-10-01,1634218.0,5192.0,59.0,672.0,2151.0,56467855.0,94559.0
2021-10-02,1636090.0,1872.0,24.0,533.0,1840.0,56528483.0,60628.0
2021-10-03,1637554.0,1464.0,8.0,531.0,1840.0,56578297.0,49814.0
2021-10-04,1645467.0,7913.0,49.0,670.0,2204.0,56683039.0,104742.0
2021-10-05,1648385.0,2918.0,48.0,670.0,2209.0,56761614.0,78575.0
2021-10-06,1652230.0,3845.0,62.0,650.0,2221.0,56885044.0,123430.0
2021-10-07,1656378.0,4148.0,29.0,651.0,2245.0,56971624.0,86580.0
2021-10-08,1660492.0,4114.0,45.0,650.0,2207.0,57070267.0,98643.0
2021-10-09,1662247.0,1755.0,9.0,638.0,2143.0,57134408.0,64141.0
2021-10-10,1663816.0,1569.0,8.0,636.0,2160.0,57186335.0,51927.0
2021-10-11,1665194.0,1378.0,12.0,616.0,2151.0,57212930.0,26595.0
2021-10-12,1672232.0,7038.0,75.0,638.0,2149.0,57324758.0,111828.0
2021-10-13,1674947.0,2715.0,79.0,634.0,2169.0,57415403.0,90645.0
2021-10-14,1678302.0,3355.0,52.0,638.0,2131.0,57515772.0,100369.0
2021-10-15,1681744.0,3442.0,47.0,630.0,2137.0,57617280.0,101508.0
2021-10-16,1683342.0,1598.0,14.0,622.0,2086.0,57671217.0,53937.0
2021-10-17,1684634.0,1292.0,11.0,631.0,2109.0,57717569.0,46352.0
2021-10-18,1690009.0,5375.0,71.0,618.0,2087.0,57827798.0,110229.0
2021-10-19,1692312.0,2303.0,39.0,593.0,2072.0,57903164.0,75366.0
2021-10-20,1695100.0,2788.0,41.0,592.0,2018.0,57985619.0,82455.0
2021-10-21,1697970.0,2870.0,23.0,562.0,1994.0,58073388.0,87769.0
2021-10-22,1700545.0,2575.0,62.0,553.0,1932.0,58166682.0,93294.0
2021-10-23,1702323.0,1778.0,16.0,557.0,1890.0,58215150.0,48468.0
2021-10-24,1703819.0,1496.0,4.0,549.0,1872.0,58254388.0,39238.0
2021-10-25,1707136.0,3317.0,56.0,545.0,1850.0,58356732.0,102344.0
2021-10-26,1708966.0,1830.0,36.0,546.0,1818.0,58439633.0,82901.0
2021-10-27,1711623.0,2657.0,40.0,556.0,1830.0,58514479.0,74846.0
2021-10-28,1714281.0,2658.0,47.0,548.0,1824.0,58596904.0,82425.0
2021-10-29,1716815.0,2534.0,24.0,546.0,1791.0,58673608.0,76704.0
2021-10-30,1718603.0,1788.0,12.0,532.0,1750.0,58717091.0,43483.0
2021-10-31,1720166.0,1563.0,5.0,522.0,1763.0,58751900.0,34809.0
2021-11-01,1723169.0,3003.0,54.0,523.0,1791.0,58838665.0,86765.0
2021-11-02,1725122.0,1953.0,33.0,515.0,1837.0,58894305.0,55640.0
2021-11-03,1727519.0,2397.0,38.0,492.0,1728.0,58970064.0,75759.0
2021-11-04,1730199.0,2680.0,20.0,475.0,1717.0,59048468.0,78404.0
2021-11-05,1732770.0,2571.0,18.0,466.0,1708.0,59119274.0,70806.0
2021-11-06,1734202.0,1432.0,7.0,454.0,1697.0,59150324.0,31050.0
2021-11-07,1735435.0,1233.0,11.0,449.0,1705.0,59178682.0,28358.0
2021-11-08,1739955.0,4520.0,43.0,443.0,1677.0,59270706.0,92024.0
2021-11-09,1742460.0,2505.0,24.0,448.0,1679.0,59341862.0,71156.0
2021-11-10,1745188.0,2728.0,33.0,430.0,1582.0,59429132.0,87270.0
2021-11-11,1746806.0,1618.0,16.0,414.0,1598.0,59469958.0,40826.0
2021-11-12,1750634.0,3828.0,43.0,417.0,1590.0,59560137.0,90179.0
2021-11-13,1752129.0,1495.0,15.0,416.0,1590.0,59595626.0,35489.0
2021-11-14,1753430.0,1301.0,13.0,421.0,1605.0,59623333.0,27707.0
2021-11-15,1757456.0,4026.0,47.0,425.0,1586.0,59713994.0,90661.0
2021-11-16,1759563.0,2107.0,19.0,407.0,1596.0,59777869.0,63875.0
2021-11-17,1762176.0,2613.0,28.0,403.0,1574.0,59853701.0,75832.0
2021-11-18,1765014.0,2838.0,31.0,406.0,1570.0,59928324.0,74623.0
2021-11-19,1767769.0,2755.0,19.0,407.0,1543.0,59993506.0,65182.0
2021-11-20,1769635.0,1866.0,10.0,406.0,1522.0,60024969.0,31463.0
2021-11-21,1771105.0,1470.0,7.0,419.0,1548.0,60047205.0,22236.0
2021-11-22,1775270.0,4165.0,28.0,412.0,1540.0,60138477.0,91272.0
2021-11-23,1777648.0,2378.0,29.0,424.0,1531.0,60174325.0,35848.0
2021-11-24,1780445.0,2797.0,25.0,414.0,1507.0,60226588.0,52263.0
2021-11-25,1784842.0,4397.0,20.0,411.0,1435.0,60296552.0,69964.0
2021-11-26,1787867.0,3025.0,18.0,406.0,1439.0,60383316.0,86764.0
2021-11-27,1790069.0,2202.0,10.0,395.0,1451.0,60450747.0,67431.0
2021-11-28,1791803.0,1734.0,5.0,404.0,1450.0,60525310.0,74563.0
2021-11-29,1795577.0,3774.0,37.0,430.0,1501.0,60661030.0,135720.0
2021-11-30,1798195.0,2618.0,17.0,420.0,1509.0,60772951.0,111921.0
2021-12-01,1801612.0,3417.0,27.0,408.0,1489.0,60890284.0,117333.0
2021-12-02,1804994.0,3382.0,23.0,400.0,1442.0,61016522.0,126238.0
2021-12-03,1808630.0,3636.0,20.0,419.0,1406.0,61896262.0,879740.0
2021-12-04,1811253.0,2623.0,9.0,411.0,1402.0,62020386.0,124124.0
2021-12-05,1813563.0,2310.0,2.0,422.0,1449.0,62125338.0,104952.0
2021-12-06,1818250.0,4687.0,32.0,416.0,1431.0,62305372.0,180034.0
2021-12-07,1821505.0,3255.0,27.0,395.0,1417.0,62487929.0,182557.0
2021-12-08,1825442.0,3937.0,25.0,399.0,1402.0,62670792.0,182863.0
2021-12-09,1829958.0,4516.0,24.0,395.0,1401.0,62846083.0,175291.0
2021-12-10,1833043.0,3085.0,24.0,390.0,1392.0,63086507.0,240424.0
2021-12-11,1838786.0,5743.0,10.0,394.0,1414.0,63224242.0,137735.0
2021-12-12,1842317.0,3531.0,9.0,409.0,1444.0,63331782.0,107540.0
2021-12-13,1848420.0,6103.0,22.0,418.0,1428.0,63530256.0,198474.0
2021-12-14,1853660.0,5240.0,28.0,418.0,1408.0,63791300.0,261044.0
2021-12-15,1860841.0,7181.0,25.0,407.0,1431.0,64052987.0,261687.0
2021-12-16,1868764.0,7923.0,18.0,389.0,1441.0,64346927.0,293940.0
2021-12-17,1878782.0,10018.0,20.0,402.0,1466.0,64672531.0,325604.0
2021-12-18,1887086.0,8304.0,8.0,421.0,1484.0,64937274.0,264743.0
2021-12-19,1895472.0,8386.0,5.0,426.0,1549.0,65148658.0,211384.0
2021-12-20,1910922.0,15450.0,18.0,436.0,1568.0,65473588.0,324930.0
2021-12-21,1925063.0,14141.0,22.0,432.0,1612.0,65912883.0,439295.0
2021-12-22,1943963.0,18900.0,28.0,425.0,1703.0,66345775.0,432892.0
2021-12-23,1969928.0,25965.0,18.0,432.0,1711.0,66815496.0,469721.0
2021-12-24,1995112.0,25184.0,14.0,422.0,1749.0,67173183.0,357687.0
2021-12-25,2014138.0,19026.0,7.0,420.0,1796.0,67290029.0,116846.0
2021-12-26,2032312.0,18174.0,10.0,447.0,2080.0,67304053.0,14024.0
2021-12-27,2054700.0,22388.0,27.0,461.0,2324.0,67366693.0,62640.0
2021-12-28,2082785.0,28085.0,29.0,460.0,2551.0,67651591.0,284898.0
2021-12-29,2137845.0,55060.0,35.0,495.0,2916.0,68167603.0,516012.0
2021-12-30,2180799.0,42954.0,27.0,519.0,3282.0,68508996.0,341393.0
2021-12-31,2223735.0,42936.0,39.0,538.0,3259.0,68836546.0,327550.0
2022-01-01,2256747.0,33012.0,20.0,562.0,3785.0,68969997.0,133451.0
2022-01-02,2286735.0,29988.0,30.0,607.0,4194.0,68992326.0,22329.0
2022-01-03,2323056.0,36321.0,30.0,633.0,4678.0,69106851.0,114525.0
2022-01-04,2372323.0,49267.0,36.0,693.0,5225.0,69638768.0,531917.0
2022-01-05,2412242.0,39919.0,89.0,726.0,5673.0,70031151.0,392383.0
2022-01-06,2454121.0,41879.0,60.0,779.0,6030.0,70450195.0,419044.0
2022-01-07,2499612.0,45491.0,83.0,854.0,6637.0,70872487.0,422292.0
2022-01-08,2528644.0,29032.0,31.0,892.0,7074.0,71173617.0,301130.0
2022-01-09,2554916.0,26272.0,66.0,903.0,7345.0,71394370.0,220753.0
2022-01-10,2613377.0,58461.0,96.0,962.0,7968.0,71796155.0,401785.0
2022-01-11,2646228.0,32851.0,96.0,1010.0,8428.0,72218206.0,422051.0
2022-01-12,2681101.0,34873.0,124.0,1020.0,8854.0,72621357.0,403151.0
2022-01-13,2712688.0,31587.0,110.0,1056.0,9217.0,73045646.0,424289.0
2022-01-14,2753198.0,40510.0,133.0,1085.0,9496.0,73444341.0,398695.0
2022-01-15,2771345.0,18147.0,141.0,1110.0,9861.0,73723271.0,278930.0
2022-01-16,2786622.0,15277.0,66.0,1113.0,10134.0,73939872.0,216601.0
2022-01-17,2828029.0,41407.0,145.0,1167.0,10420.0,74369628.0,429756.0
2022-01-18,2848893.0,20864.0,151.0,1182.0,10398.0,74636751.0,267123.0
2022-01-19,2872365.0,23472.0,179.0,1194.0,10543.0,74989065.0,352314.0
2022-01-20,2895331.0,22966.0,211.0,1174.0,10504.0,75302695.0,313630.0
2022-01-21,2916524.0,21193.0,163.0,1190.0,10435.0,75614633.0,311938.0
2022-01-22,2930307.0,13783.0,124.0,1184.0,10457.0,75828249.0,213616.0
2022-01-23,2935575.0,5268.0,56.0,1182.0,10620.0,76005682.0,177433.0
2022-01-24,2955087.0,19512.0,156.0,1204.0,10759.0,76324615.0,318933.0
2022-01-25,2984054.0,28967.0,246.0,1159.0,10442.0,76656070.0,331455.0
2022-01-26,2991708.0,7654.0,106.0,1126.0,10239.0,76914692.0,258622.0
2022-01-27,3020108.0,28400.0,300.0,1137.0,10120.0,77168750.0,254058.0
2022-01-28,3036647.0,16539.0,155.0,1134.0,9740.0,77418082.0,249332.0
2022-01-29,3045083.0,8436.0,124.0,1109.0,9582.0,77588951.0,170869.0
2022-01-30,3052373.0,7290.0,75.0,1107.0,9641.0,77731817.0,142866.0
2022-01-31,3073654.0,21281.0,148.0,1102.0,9588.0,78058871.0,327054.0
2022-02-01,3085591.0,11937.0,162.0,1060.0,9333.0,78256877.0,198006.0
2022-02-02,3100943.0,15352.0,175.0,1033.0,9018.0,78448376.0,191499.0
2022-02-03,3114115.0,13172.0,171.0,1017.0,8775.0,78628083.0,179707.0
2022-02-04,3127213.0,13098.0,159.0,1000.0,8449.0,78788023.0,159940.0
2022-02-05,3133836.0,6623.0,99.0,969.0,8229.0,78902627.0,114604.0
2022-02-06,3139239.0,5403.0,84.0,973.0,8243.0,78999803.0,97176.0
2022-02-07,3155289.0,16050.0,125.0,976.0,8169.0,79198701.0,198898.0
2022-02-08,3165329.0,10040.0,124.0,944.0,7954.0,79317565.0,118864.0
2022-02-09,3175654.0,10325.0,145.0,930.0,7721.0,79442808.0,125243.0
2022-02-10,3186035.0,10381.0,117.0,894.0,7414.0,79576467.0,133659.0
2022-02-11,3193438.0,7403.0,141.0,848.0,7106.0,79700924.0,124457.0
2022-02-12,3203282.0,9844.0,109.0,820.0,6861.0,79783888.0,82964.0
2022-02-13,3206897.0,3615.0,31.0,813.0,6945.0,79853280.0,69392.0
2022-02-14,3219086.0,12189.0,102.0,779.0,6767.0,79920095.0,66815.0
2022-02-15,3225542.0,6456.0,102.0,754.0,6547.0,80074659.0,154564.0
2022-02-16,3233298.0,7756.0,113.0,734.0,6347.0,80161597.0,86938.0
2022-02-17,3240493.0,7195.0,89.0,727.0,6149.0,80255393.0,93796.0
2022-02-18,3247240.0,6747.0,79.0,697.0,5939.0,80338798.0,83405.0
2022-02-19,3250784.0,3544.0,16.0,661.0,5795.0,80399443.0,60645.0
2022-02-20,3253232.0,2448.0,29.0,647.0,5823.0,80452340.0,52897.0
2022-02-21,3256889.0,3657.0,20.0,638.0,5765.0,80482255.0,29915.0
2022-02-22,3264880.0,7991.0,97.0,626.0,5629.0,80617865.0,135610.0
2022-02-23,3274692.0,9812.0,96.0,624.0,5579.0,80684862.0,66997.0
2022-02-24,3280453.0,5761.0,77.0,600.0,5259.0,80746882.0,62020.0
2022-02-25,3289085.0,8632.0,141.0,566.0,5051.0,80811337.0,64455.0
2022-02-26,3290897.0,1812.0,34.0,554.0,4892.0,80856070.0,44733.0
2022-02-27,3294481.0,3584.0,29.0,539.0,4863.0,80899819.0,43749.0
2022-02-28,3302400.0,7919.0,58.0,543.0,4764.0,81240344.0,340525.0
2022-03-01,3307510.0,5110.0,36.0,531.0,4615.0,81283247.0,42903.0
2022-03-02,3313423.0,5913.0,96.0,520.0,4587.0,81316875.0,33628.0
2022-03-03,3321778.0,8355.0,72.0,510.0,4511.0,81357599.0,40724.0
2022-03-04,3331281.0,9503.0,111.0,483.0,4367.0,81413759.0,56160.0
2022-03-05,3334478.0,3197.0,44.0,476.0,4261.0,81442547.0,28788.0
2022-03-06,3337091.0,2613.0,30.0,478.0,4299.0,81470475.0,27928.0
2022-03-07,3345546.0,8455.0,57.0,475.0,4295.0,81514437.0,43962.0
2022-03-08,3349699.0,4153.0,55.0,462.0,4165.0,81535361.0,20924.0
2022-03-09,3356440.0,6741.0,63.0,459.0,4196.0,81565480.0,30119.0
2022-03-10,3362047.0,5607.0,53.0,437.0,4024.0,81600357.0,34877.0
2022-03-11,3370105.0,8058.0,0.0,424.0,3919.0,81632275.0,31918.0
2022-03-12,3371929.0,1824.0,34.0,416.0,3814.0,81657327.0,25052.0
2022-03-13,3373322.0,1393.0,14.0,408.0,3815.0,81682578.0,25251.0
2022-03-14,3377844.0,4522.0,44.0,411.0,3838.0,81722559.0,39981.0
2022-03-15,3386875.0,9031.0,46.0,385.0,3792.0,81749857.0,27298.0
2022-03-16,3392165.0,5290.0,38.0,380.0,3704.0,81777863.0,28006.0
2022-03-17,3396364.0,4199.0,45.0,355.0,3645.0,81807663.0,29800.0
2022-03-18,3399704.0,3340.0,60.0,339.0,3601.0,81836706.0,29043.0
2022-03-19,3402711.0,3007.0,23.0,335.0,3581.0,81859131.0,22425.0
2022-03-20,3404964.0,2253.0,11.0,344.0,3650.0,81892792.0,33661.0
2022-03-21,3413117.0,8153.0,40.0,343.0,3691.0,81920252.0,27460.0
2022-03-22,3422583.0,9466.0,33.0,346.0,3705.0,81941771.0,21519.0
2022-03-23,3429407.0,6824.0,41.0,346.0,3713.0,81976083.0,34312.0
2022-03-24,3436460.0,7053.0,72.0,349.0,3753.0,81998352.0,22269.0
2022-03-25,3445404.0,8944.0,49.0,338.0,3716.0,82023172.0,24820.0
2022-03-26,3449778.0,4374.0,28.0,339.0,3839.0,82043808.0,20636.0
2022-03-27,3453432.0,3654.0,9.0,343.0,3925.0,82066794.0,22986.0
2022-03-28,3459582.0,6150.0,20.0,355.0,3939.0,82091375.0,24581.0
2022-03-29,3470143.0,10561.0,35.0,345.0,4054.0,82108557.0,17182.0
2022-03-30,3481119.0,10976.0,60.0,335.0,4067.0,82150509.0,41952.0
2022-03-31,3489910.0,8791.0,42.0,320.0,4201.0,82200646.0,50137.0
2022-04-01,3502380.0,12470.0,69.0,318.0,4267.0,82236389.0,35743.0
2022-04-02,3509394.0,7014.0,33.0,326.0,4369.0,82265892.0,29503.0
2022-04-03,3511975.0,2581.0,17.0,324.0,4616.0,82295372.0,29480.0
2022-04-04,3512535.0,560.0,13.0,344.0,4786.0,82308457.0,13085.0
2022-04-05,3521439.0,8904.0,43.0,337.0,4921.0,82331416.0,22959.0
2022-04-06,3530991.0,9552.0,75.0,339.0,4922.0,82377670.0,46254.0
2022-04-07,3537010.0,6019.0,57.0,353.0,5171.0,82429836.0,52166.0
2022-04-08,3537010.0,0.0,10.0,359.0,5159.0,82489717.0,59881.0
2022-04-09,3552577.0,15567.0,83.0,369.0,5331.0,82553628.0,63911.0
2022-04-10,3552577.0,0.0,15.0,370.0,5553.0,82610307.0,56679.0
2022-04-11,3552709.0,132.0,3.0,381.0,5665.0,82636549.0,26242.0
2022-04-12,3552709.0,0.0,4.0,396.0,5882.0,82694153.0,57604.0
2022-04-13,3616387.0,63678.0,140.0,400.0,5886.0,82791206.0,97053.0
2022-04-14,3635332.0,18945.0,130.0,393.0,6102.0,82877032.0,85826.0
2022-04-15,3627286.0,0.0,40.0,418.0,6156.0,82967677.0,90645.0
2022-04-16,3643973.0,16687.0,39.0,426.0,6206.0,83009859.0,42182.0
2022-04-17,3645911.0,1938.0,22.0,419.0,6393.0,83058885.0,49026.0
2022-04-18,3657885.0,11974.0,13.0,433.0,6601.0,83065817.0,6932.0
2022-04-19,3665778.0,7893.0,25.0,429.0,6638.0,83105052.0,39235.0
2022-04-20,3679211.0,13433.0,105.0,425.0,6597.0,83222788.0,117736.0
2022-04-21,3689726.0,10515.0,121.0,403.0,6683.0,83443290.0,220502.0
2022-04-22,3707016.0,17290.0,95.0,407.0,6646.0,83521683.0,78393.0
2022-04-23,3711767.0,4751.0,58.0,430.0,6662.0,83596095.0,74412.0
2022-04-24,3716424.0,4657.0,26.0,427.0,6765.0,83646348.0,50253.0
2022-04-25,3720307.0,3883.0,15.0,428.0,6867.0,83668600.0,22252.0
2022-04-26,3727897.0,7590.0,46.0,418.0,6785.0,83720468.0,51868.0
2022-04-27,3740982.0,13085.0,114.0,429.0,6803.0,83820034.0,99566.0
2022-04-28,3749479.0,8497.0,137.0,422.0,6769.0,83937844.0,117810.0
2022-04-29,3761708.0,12229.0,84.0,395.0,6620.0,84004794.0,66950.0
2022-04-30,3765164.0,3456.0,36.0,383.0,6540.0,84066328.0,61534.0
2022-05-01,3767783.0,2619.0,23.0,414.0,6635.0,84106133.0,39805.0
2022-05-02,3770449.0,2666.0,5.0,400.0,6699.0,84120111.0,13978.0
2022-05-03,3776005.0,5556.0,44.0,400.0,6646.0,84158921.0,38810.0
2022-05-04,3786803.0,10798.0,146.0,401.0,6670.0,84251013.0,92092.0
2022-05-05,3793942.0,7139.0,159.0,379.0,6451.0,84361304.0,110291.0
2022-05-06,3802912.0,8970.0,75.0,368.0,6296.0,84418077.0,56773.0
2022-05-07,3805370.0,2458.0,55.0,357.0,6102.0,84471986.0,53909.0
2022-05-08,3807514.0,2144.0,12.0,347.0,6199.0,84509118.0,37132.0
2022-05-09,3809685.0,2171.0,4.0,336.0,6185.0,84523101.0,13983.0
2022-05-10,3814073.0,4388.0,55.0,320.0,6013.0,84559800.0,36699.0
2022-05-11,3822281.0,8208.0,135.0,324.0,6027.0,84640451.0,80651.0
2022-05-12,3827766.0,5485.0,155.0,318.0,5843.0,84713309.0,72858.0
2022-05-13,3835537.0,7771.0,85.0,303.0,5572.0,84737821.0,24512.0
2022-05-14,3836335.0,798.0,31.0,300.0,5469.0,84782244.0,44423.0
2022-05-15,3836969.0,634.0,10.0,313.0,5542.0,84824174.0,41930.0
2022-05-16,3837943.0,974.0,7.0,315.0,5509.0,84829565.0,5391.0
2022-05-17,3844271.0,6328.0,25.0,313.0,5427.0,84886032.0,56467.0
2022-05-18,3850312.0,6041.0,97.0,311.0,5394.0,84956794.0,70762.0
2022-05-19,3854742.0,4430.0,195.0,313.0,5174.0,85100712.0,143918.0
2022-05-20,3860575.0,5833.0,82.0,305.0,4730.0,85138439.0,37727.0
2022-05-21,3861958.0,1383.0,24.0,294.0,4804.0,85173394.0,34955.0
2022-05-22,3863053.0,1095.0,7.0,286.0,4773.0,85194431.0,21037.0
2022-05-23,3863389.0,336.0,2.0,281.0,4790.0,85197697.0,3266.0
2022-05-24,3865444.0,2055.0,4.0,286.0,4725.0,85211597.0,13900.0
2022-05-25,3869993.0,4549.0,93.0,282.0,4699.0,85264939.0,53342.0
2022-05-26,3873780.0,3787.0,123.0,263.0,4448.0,85361080.0,96141.0
2022-05-27,3879050.0,5270.0,50.0,240.0,4259.0,85393159.0,32079.0
2022-05-28,3880240.0,1190.0,24.0,236.0,4132.0,85422600.0,29441.0
2022-05-29,3881220.0,980.0,3.0,237.0,4192.0,85443492.0,20892.0
2022-05-30,3882134.0,914.0,1.0,235.0,4133.0,85452059.0,8567.0
2022-05-31,3884160.0,2026.0,23.0,221.0,3905.0,85472419.0,20360.0
2022-06-01,3888672.0,4512.0,85.0,218.0,3869.0,85518572.0,46153.0
2022-06-02,3891759.0,3087.0,140.0,211.0,3759.0,85602537.0,83965.0
2022-06-03,3895259.0,3500.0,28.0,195.0,3604.0,85624820.0,22283.0
2022-06-04,3896919.0,1660.0,21.0,188.0,3519.0,85644848.0,20028.0
2022-06-05,3897791.0,872.0,6.0,193.0,3493.0,85662797.0,17949.0
2022-06-06,3898661.0,870.0,2.0,190.0,3481.0,85668786.0,5989.0
2022-06-07,3901597.0,2936.0,10.0,181.0,3396.0,85685680.0,16894.0
2022-06-08,3905339.0,3742.0,35.0,184.0,3382.0,85717264.0,31584.0
2022-06-09,3907653.0,2314.0,104.0,167.0,3319.0,85805103.0,87839.0
2022-06-10,3912417.0,4764.0,58.0,166.0,3269.0,85826396.0,21293.0
2022-06-11,3916335.0,3918.0,5.0,160.0,3260.0,85845856.0,19460.0
2022-06-12,3917756.0,1421.0,4.0,158.0,3263.0,85859393.0,13537.0
2022-06-13,3918616.0,860.0,1.0,170.0,3269.0,85865019.0,5626.0
2022-06-14,3921033.0,2417.0,12.0,157.0,3121.0,85880659.0,15640.0
2022-06-15,3923353.0,2320.0,50.0,160.0,3112.0,85914126.0,33467.0
2022-06-16,3926127.0,2774.0,94.0,151.0,3094.0,85994239.0,80113.0
2022-06-17,3927884.0,1757.0,6.0,152.0,3005.0,86011775.0,17536.0
2022-06-18,3931364.0,3480.0,21.0,144.0,2996.0,86029705.0,17930.0
2022-06-19,3931364.0,0.0,4.0,153.0,3047.0,86042203.0,12498.0
2022-06-20,3932637.0,1273.0,3.0,164.0,3107.0,86048427.0,6224.0
2022-06-21,3935067.0,2430.0,10.0,162.0,3127.0,86063069.0,14642.0
2022-06-22,3938040.0,2973.0,26.0,160.0,3115.0,86092018.0,28949.0
2022-06-23,3942808.0,4768.0,64.0,162.0,3090.0,86173422.0,81404.0
2022-06-24,3945083.0,2275.0,8.0,151.0,3030.0,86197486.0,24064.0
2022-06-25,3948562.0,3479.0,19.0,149.0,3017.0,86212881.0,15395.0
2022-06-26,3949244.0,682.0,3.0,158.0,3032.0,86224926.0,12045.0
2022-06-27,3950117.0,873.0,0.0,162.0,3186.0,86229670.0,4744.0
2022-06-28,3953552.0,3435.0,12.0,163.0,3243.0,86243700.0,14030.0
2022-06-29,3956171.0,2619.0,37.0,163.0,3247.0,86262333.0,18633.0
2022-06-30,3962334.0,6163.0,65.0,174.0,3178.0,86285286.0,22953.0
2022-07-01,3963763.0,1429.0,16.0,162.0,3223.0,86307371.0,22085.0
2022-07-02,3967805.0,4042.0,14.0,162.0,3248.0,86310020.0,2649.0
2022-07-03,3968731.0,926.0,1.0,166.0,3313.0,86322172.0,12152.0
2022-07-04,3969063.0,332.0,0.0,178.0,3518.0,86327299.0,5127.0
2022-07-05,3975062.0,5999.0,23.0,184.0,3577.0,86344188.0,16889.0
2022-07-06,3976097.0,1035.0,39.0,185.0,3595.0,86389174.0,44986.0
2022-07-07,3984864.0,8767.0,70.0,196.0,3698.0,86493313.0,104139.0
2022-07-08,3988430.0,3566.0,25.0,196.0,3802.0,86511407.0,18094.0
2022-07-09,3989890.0,1460.0,10.0,207.0,3831.0,86552454.0,41047.0
2022-07-10,3990961.0,1071.0,6.0,204.0,3873.0,86572894.0,20440.0
2022-07-11,3991994.0,1033.0,7.0,210.0,4079.0,86581198.0,8304.0
2022-07-12,3995331.0,3337.0,5.0,219.0,4221.0,86602259.0,21061.0
2022-07-13,4000304.0,4973.0,44.0,214.0,4218.0,86689156.0,86897.0
2022-07-14,4018403.0,18099.0,66.0,209.0,4466.0,86719654.0,30498.0
2022-07-15,4024060.0,5657.0,50.0,198.0,4452.0,86764797.0,45143.0
2022-07-16,4026044.0,1984.0,28.0,190.0,4480.0,86809232.0,44435.0
2022-07-17,4026044.0,0.0,8.0,200.0,4631.0,86845316.0,36084.0
2022-07-18,4026069.0,25.0,0.0,225.0,4804.0,86860376.0,15060.0
2022-07-19,4036848.0,10779.0,50.0,236.0,5063.0,86897908.0,37532.0
2022-07-20,4040958.0,4110.0,52.0,234.0,5054.0,86966932.0,69024.0
2022-07-21,4051382.0,10424.0,70.0,231.0,5064.0,87062149.0,95217.0
2022-07-22,4059876.0,8494.0,132.0,240.0,4924.0,87114587.0,52438.0
2022-07-23,4061530.0,1654.0,15.0,244.0,4926.0,87165220.0,50633.0
2022-07-24,4062808.0,1278.0,8.0,245.0,5118.0,87198207.0,32987.0
2022-07-25,4064084.0,1276.0,4.0,253.0,5192.0,87214618.0,16411.0
2022-07-26,4071469.0,7385.0,44.0,271.0,5360.0,87248306.0,33688.0
2022-07-27,4074977.0,3508.0,38.0,268.0,5341.0,87464598.0,216292.0
2022-07-28,4084973.0,9996.0,128.0,279.0,5311.0,87550509.0,85911.0
2022-07-29,4090442.0,5469.0,32.0,281.0,5152.0,87581174.0,30665.0
2022-07-30,4091778.0,1336.0,12.0,281.0,5121.0,87589077.0,7903.0
2022-07-31,4092722.0,944.0,2.0,297.0,5109.0,87608200.0,19123.0
2022-08-01,4093713.0,991.0,0.0,287.0,5227.0,87695625.0,87425.0
2022-08-02,4099374.0,5661.0,18.0,295.0,5303.0,87712042.0,16417.0
2022-08-03,4102536.0,3162.0,31.0,296.0,5354.0,87748060.0,36018.0
2022-08-04,4094621.0,0.0,66.0,271.0,5106.0,87821303.0,73243.0
2022-08-05,4115965.0,21344.0,76.0,260.0,5053.0,87849440.0,28137.0
2022-08-06,4117035.0,1070.0,12.0,260.0,4983.0,87878452.0,29012.0
2022-08-07,4117788.0,753.0,4.0,262.0,5048.0,87901269.0,22817.0
2022-08-08,4118564.0,776.0,5.0,270.0,5011.0,87916862.0,15593.0
2022-08-09,4120585.0,2021.0,25.0,258.0,5170.0,87947738.0,30876.0
2022-08-10,4123562.0,2977.0,40.0,258.0,5176.0,88018442.0,70704.0
2022-08-11,4136552.0,12990.0,180.0,255.0,5051.0,0.0,0.0
2022-08-12,4141368.0,4816.0,32.0,260.0,4960.0,88059852.0,0.0
2022-08-13,4141368.0,0.0,0.0,253.0,4987.0,88086269.0,26417.0
2022-08-14,4141368.0,0.0,0.0,250.0,5041.0,88106624.0,20355.0
2022-08-15,4141368.0,0.0,0.0,241.0,5042.0,88113708.0,7084.0
2022-08-16,4148442.0,7074.0,58.0,238.0,5131.0,88137886.0,24178.0
2022-08-17,4151317.0,2875.0,41.0,241.0,5124.0,88261126.0,123240.0
2022-08-18,4160497.0,9180.0,119.0,241.0,5087.0,88338827.0,77701.0
2022-08-19,4166257.0,5760.0,82.0,240.0,5030.0,88386848.0,48021.0
2022-08-20,4167111.0,854.0,15.0,243.0,5016.0,88420782.0,33934.0
2022-08-21,4167732.0,621.0,0.0,248.0,5089.0,88439369.0,18587.0
2022-08-22,4168380.0,648.0,1.0,250.0,5053.0,88452043.0,12674.0
2022-08-23,4171952.0,3572.0,21.0,257.0,5167.0,88481436.0,29393.0
2022-08-24,4175729.0,3777.0,82.0,258.0,5173.0,88548404.0,66968.0
2022-08-25,4183162.0,7433.0,144.0,243.0,4961.0,88587345.0,38941.0
2022-08-26,4187139.0,3977.0,46.0,243.0,4894.0,88625611.0,38266.0
2022-08-27,4187887.0,748.0,9.0,255.0,4845.0,88638500.0,12889.0
2022-08-28,4188437.0,550.0,1.0,254.0,4910.0,88646603.0,8103.0
2022-08-29,4188917.0,480.0,0.0,266.0,4873.0,88691152.0,44549.0
2022-08-30,4192880.0,3963.0,53.0,242.0,4811.0,88716496.0,25344.0
2022-08-31,4194892.0,2012.0,53.0,238.0,4809.0,88779159.0,62663.0
2022-09-01,4204312.0,9420.0,152.0,216.0,4671.0,88856588.0,77429.0
2022-09-02,4207961.0,3649.0,43.0,205.0,4520.0,88890266.0,33678.0
2022-09-03,4208622.0,661.0,4.0,204.0,4519.0,88905621.0,15355.0
2022-09-04,4209096.0,474.0,5.0,200.0,4573.0,88914457.0,8836.0
2022-09-05,4209542.0,446.0,1.0,213.0,4477.0,88945621.0,31164.0
2022-09-06,4212439.0,2897.0,9.0,211.0,4590.0,88951235.0,5614.0
2022-09-07,4214431.0,1992.0,55.0,212.0,4593.0,89002967.0,51732.0
2022-09-08,4221439.0,7008.0,111.0,202.0,4520.0,89053944.0,50977.0
2022-09-09,4224759.0,3320.0,54.0,198.0,4413.0,89081959.0,28015.0
2022-09-10,4225396.0,637.0,8.0,200.0,4368.0,89093264.0,11305.0
2022-09-11,4225396.0,0.0,0.0,199.0,4396.0,89102669.0,9405.0
2022-09-12,4226515.0,1119.0,4.0,201.0,4456.0,89150310.0,47641.0
2022-09-13,4229986.0,3471.0,35.0,213.0,4449.0,89173311.0,23001.0
2022-09-14,4231064.0,1078.0,16.0,212.0,4455.0,89229784.0,56473.0
2022-09-15,4239075.0,8011.0,257.0,216.0,4409.0,89294848.0,65064.0
2022-09-16,4244008.0,4933.0,77.0,214.0,4320.0,89339163.0,44315.0
2022-09-17,4244622.0,614.0,7.0,208.0,4265.0,89356762.0,17599.0
2022-09-18,4245082.0,460.0,8.0,214.0,4306.0,89368494.0,11732.0
2022-09-19,4245666.0,584.0,1.0,216.0,4399.0,89419491.0,50997.0
2022-09-20,4249798.0,4132.0,21.0,217.0,4438.0,89449468.0,29977.0
2022-09-21,4251898.0,2100.0,34.0,217.0,4437.0,89507629.0,58161.0
2022-09-22,4259383.0,7485.0,114.0,208.0,4435.0,89607170.0,99541.0
2022-09-23,4262446.0,3063.0,37.0,202.0,4457.0,89655427.0,48257.0
2022-09-24,4263179.0,733.0,15.0,208.0,4462.0,89677549.0,22122.0
2022-09-25,4263800.0,621.0,1.0,208.0,4470.0,89688932.0,11383.0
2022-09-26,4264425.0,625.0,2.0,219.0,4557.0,89745122.0,56190.0
2022-09-27,4267612.0,3187.0,27.0,224.0,4791.0,89798327.0,53205.0
2022-09-28,4270276.0,2664.0,41.0,222.0,4776.0,89912438.0,114111.0
2022-09-29,4278430.0,8154.0,103.0,242.0,4929.0,90108818.0,196380.0
2022-09-30,4279316.0,886.0,14.0,239.0,4874.0,90181416.0,72598.0
2022-10-01,4280161.0,845.0,9.0,233.0,4826.0,90216065.0,34649.0
2022-10-02,4280759.0,598.0,4.0,227.0,4859.0,90240649.0,24584.0
2022-10-03,4283165.0,2406.0,21.0,229.0,5070.0,90301621.0,60972.0
2022-10-04,4287508.0,4343.0,31.0,228.0,5163.0,90344883.0,43262.0
2022-10-05,4288593.0,1085.0,0.0,235.0,5168.0,90404968.0,60085.0
2022-10-06,4297151.0,8558.0,120.0,224.0,5269.0,90601138.0,196170.0
2022-10-07,4300442.0,3291.0,34.0,226.0,4827.0,90665634.0,64496.0
2022-10-08,4301375.0,933.0,6.0,224.0,5190.0,90704073.0,38439.0
2022-10-09,4302006.0,631.0,2.0,216.0,5219.0,90723141.0,19068.0
2022-10-10,4302719.0,713.0,1.0,235.0,5373.0,90774357.0,51216.0
2022-10-11,4306156.0,3437.0,13.0,0.0,0.0,90785018.0,10661.0
2022-10-12,4309992.0,3836.0,62.0,0.0,0.0,90914556.0,129538.0
2022-10-13,4319103.0,9111.0,109.0,0.0,0.0,91129101.0,214545.0
2022-10-14,4324361.0,5258.0,95.0,0.0,0.0,91155422.0,26321.0
2022-10-15,4325384.0,1023.0,8.0,0.0,0.0,0.0,0.0
